	geonameid	name	iso	iso3	isonumeric	fips	continentcode	capital	areakm2	population	tld	currencycode	currencyname	phone	postalcoderegex	languages	neighbours	bbox	north	south	east	west
AD	3041565	Andorra	AD	AND	20	AN	EU	Andorra la Vella	468	77006	.ad	EUR	Euro	376	^(?:AD)*(\d{3})$	ca	ES,FR	{'north': 42.6559357, 'south': 42.4288238, 'east': 1.7863837, 'west': 1.4135781}	42.6559357	42.4288238	1.7863837	1.4135781
AE	290557	United Arab Emirates	AE	ARE	784	AE	AS	Abu Dhabi	82880	9630959	.ae	AED	Dirham	971		ar-AE,fa,en,hi,ur	SA,OM	{'north': 26.2822, 'south': 22.6444, 'east': 56.3834, 'west': 51.498}	26.2822	22.6444	56.3834	51.498
AF	1149361	Afghanistan	AF	AFG	4	AF	AS	Kabul	647500	37172386	.af	AFN	Afghani	93		fa-AF,ps,uz-AF,tk	TM,CN,IR,TJ,PK,UZ	{'north': 38.4910682, 'south': 29.3772, 'east': 74.889862, 'west': 60.5176034}	38.4910682	29.3772	74.889862	60.5176034
AG	3576396	Antigua and Barbuda	AG	ATG	28	AC	NA	St. John's	443	96286	.ag	XCD	Dollar	+1-268		en-AG		{'north': 17.929, 'south': 16.7573901, 'east': -61.447857, 'west': -62.5536517}	17.929	16.7573901	-61.447857	-62.5536517
AI	3573511	Anguilla	AI	AIA	660	AV	NA	The Valley	102	13254	.ai	XCD	Dollar	+1-264		en-AI		{'north': 18.7951194, 'south': 18.0615454, 'east': -62.7125449, 'west': -63.6391992}	18.7951194	18.0615454	-62.7125449	-63.6391992
AL	783754	Albania	AL	ALB	8	AL	EU	Tirana	28748	2866376	.al	ALL	Lek	355	^(\d{4})$	sq,el	MK,GR,ME,RS,XK	{'north': 42.6610848, 'south': 39.6448625, 'east': 21.0574335, 'west': 19.1246095}	42.6610848	39.6448625	21.0574335	19.1246095
AM	174982	Armenia	AM	ARM	51	AM	AS	Yerevan	29800	2951776	.am	AMD	Dram	374	^(\d{6})$	hy	GE,IR,AZ,TR	{'north': 41.300712, 'south': 38.8404775, 'east': 46.6333087, 'west': 43.4471395}	41.300712	38.8404775	46.6333087	43.4471395
AO	3351879	Angola	AO	AGO	24	AO	AF	Luanda	1246700	30809762	.ao	AOA	Kwanza	244		pt-AO	CD,NA,ZM,CG	{'north': -4.3880634, 'south': -18.038945, 'east': 24.0878856, 'west': 11.4609793}	-4.3880634	-18.038945	24.0878856	11.4609793
AQ	6697173	Antarctica	AQ	ATA	10	AY	AN		14000000	0	.aq							{'north': -60.0, 'south': -85.0511287, 'east': 180.0, 'west': -180.0}	-60.0	-85.0511287	180.0	-180.0
AR	3865483	Argentina	AR	ARG	32	AR	SA	Buenos Aires	2766890	44494502	.ar	ARS	Peso	54	^[A-Z]?\d{4}[A-Z]{0,3}$	es-AR,en,it,de,fr,gn	CL,BO,UY,PY,BR	{'north': -21.781168, 'south': -55.1850761, 'east': -53.6374515, 'west': -73.5600329}	-21.781168	-55.1850761	-53.6374515	-73.5600329
AS	5880801	American Samoa	AS	ASM	16	AQ	OC	Pago Pago	199	55465	.as	USD	Dollar	+1-684	96799	en-AS,sm,to		{'north': -10.8449746, 'south': -14.7608358, 'east': -167.9322899, 'west': -171.2951296}	-10.8449746	-14.7608358	-167.9322899	-171.2951296
AT	2782113	Austria	AT	AUT	40	AU	EU	Vienna	83858	8847037	.at	EUR	Euro	43	^(\d{4})$	de-AT,hr,hu,sl	CH,DE,HU,SK,CZ,IT,SI,LI	{'north': 49.0205305, 'south': 46.3722761, 'east': 17.160776, 'west': 9.5307487}	49.0205305	46.3722761	17.160776	9.5307487
AU	2077456	Australia	AU	AUS	36	AS	OC	Canberra	7686850	24992369	.au	AUD	Dollar	61	^(\d{4})$	en-AU		{'north': -9.0882278, 'south': -55.3228175, 'east': 168.2249543, 'west': 72.2460938}	-9.0882278	-55.3228175	168.2249543	72.2460938
AW	3577279	Aruba	AW	ABW	533	AA	NA	Oranjestad	193	105845	.aw	AWG	Guilder	297		nl-AW,pap,es,en		{'north': 12.8102998, 'south': 12.1702998, 'east': -69.6409842, 'west': -70.2809842}	12.8102998	12.1702998	-69.6409842	-70.2809842
AX	661882	Aland Islands	AX	ALA	248		EU	Mariehamn	1580	26711	.ax	EUR	Euro	+358-18	^(?:FI)*(\d{5})$	sv-AX						
AZ	587116	Azerbaijan	AZ	AZE	31	AJ	AS	Baku	86600	9942334	.az	AZN	Manat	994	^(?:AZ)*(\d{4})$	az,ru,hy	GE,IR,AM,TR,RU	{'north': 41.9502947, 'south': 38.3929551, 'east': 51.0090302, 'west': 44.7633701}	41.9502947	38.3929551	51.0090302	44.7633701
BA	3277605	Bosnia and Herzegovina	BA	BIH	70	BK	EU	Sarajevo	51129	3323929	.ba	BAM	Marka	387	^(\d{5})$	bs,hr-BA,sr-BA	HR,ME,RS	{'north': 45.2764135, 'south': 42.5553114, 'east': 19.6237311, 'west': 15.7287433}	45.2764135	42.5553114	19.6237311	15.7287433
BB	3374084	Barbados	BB	BRB	52	BB	NA	Bridgetown	431	286641	.bb	BBD	Dollar	+1-246	^(?:BB)*(\d{5})$	en-BB		{'north': 13.535, 'south': 12.845, 'east': -59.2147175, 'west': -59.8562115}	13.535	12.845	-59.2147175	-59.8562115
BD	1210997	Bangladesh	BD	BGD	50	BG	AS	Dhaka	144000	161356039	.bd	BDT	Taka	880	^(\d{4})$	bn-BD,en	MM,IN	{'north': 26.6382534, 'south': 20.3756582, 'east': 92.6804979, 'west': 88.0075306}	26.6382534	20.3756582	92.6804979	88.0075306
BE	2802361	Belgium	BE	BEL	56	BE	EU	Brussels	30510	11422068	.be	EUR	Euro	32	^(\d{4})$	nl-BE,fr-BE,de-BE	DE,NL,LU,FR	{'north': 51.5516667, 'south': 49.4969821, 'east': 6.408097, 'west': 2.3889137}	51.5516667	49.4969821	6.408097	2.3889137
BF	2361809	Burkina Faso	BF	BFA	854	UV	AF	Ouagadougou	274200	19751535	.bf	XOF	Franc	226		fr-BF,mos	NE,BJ,GH,CI,TG,ML	{'north': 15.084, 'south': 9.4104718, 'east': 2.4089717, 'west': -5.5132416}	15.084	9.4104718	2.4089717	-5.5132416
BG	732800	Bulgaria	BG	BGR	100	BU	EU	Sofia	110910	7000039	.bg	BGN	Lev	359	^(\d{4})$	bg,tr-BG,rom	MK,GR,RO,TR,RS	{'north': 44.2167064, 'south': 41.2353929, 'east': 28.8875409, 'west': 22.3571459}	44.2167064	41.2353929	28.8875409	22.3571459
BH	290291	Bahrain	BH	BHR	48	BA	AS	Manama	665	1569439	.bh	BHD	Dinar	973	^(\d{3}\d?)$	ar-BH,en,fa,ur		{'north': 26.6872444, 'south': 25.535, 'east': 50.9233693, 'west': 50.2697989}	26.6872444	25.535	50.9233693	50.2697989
BI	433561	Burundi	BI	BDI	108	BY	AF	Gitega	27830	11175378	.bi	BIF	Franc	257		fr-BI,rn	TZ,CD,RW	{'north': -2.3096796, 'south': -4.4693155, 'east': 30.8498462, 'west': 29.0007401}	-2.3096796	-4.4693155	30.8498462	29.0007401
BJ	2395170	Benin	BJ	BEN	204	BN	AF	Porto-Novo	112620	11485048	.bj	XOF	Franc	229		fr-BJ	NE,TG,BF,NG	{'north': 12.4092447, 'south': 6.0398696, 'east': 3.843343, 'west': 0.776667}	12.4092447	6.0398696	3.843343	0.776667
BL	3578476	Saint Barthelemy	BL	BLM	652	TB	NA	Gustavia	21	8450	.gp	EUR	Euro	590	^(\d{5})$	fr		{'north': 18.1375569, 'south': 17.670931, 'east': -62.5844019, 'west': -63.06639}	18.1375569	17.670931	-62.5844019	-63.06639
BM	3573345	Bermuda	BM	BMU	60	BD	NA	Hamilton	53	63968	.bm	BMD	Dollar	+1-441	^([A-Z]{2}\d{2})$	en-BM,pt		{'north': 32.5913693, 'south': 32.0469651, 'east': -64.4109842, 'west': -65.1232222}	32.5913693	32.0469651	-64.4109842	-65.1232222
BN	1820814	Brunei	BN	BRN	96	BX	AS	Bandar Seri Begawan	5770	428962	.bn	BND	Dollar	673	^([A-Z]{2}\d{4})$	ms-BN,en-BN	MY	{'north': 5.1011857, 'south': 4.002508, 'east': 115.3635623, 'west': 114.0758734}	5.1011857	4.002508	115.3635623	114.0758734
BO	3923057	Bolivia	BO	BOL	68	BL	SA	Sucre	1098580	11353142	.bo	BOB	Boliviano	591		es-BO,qu,ay	PE,CL,PY,BR,AR	{'north': -9.6689438, 'south': -22.8982742, 'east': -57.453, 'west': -69.6450073}	-9.6689438	-22.8982742	-57.453	-69.6450073
BQ	7626844	Bonaire, Saint Eustatius and Saba 	BQ	BES	535		NA		328	18012	.bq	USD	Dollar	599		nl,pap,en						
BR	3469034	Brazil	BR	BRA	76	BR	SA	Brasilia	8511965	209469333	.br	BRL	Real	55	^\d{5}-\d{3}$	pt-BR,es,en,fr	SR,PE,BO,UY,GY,PY,GF,VE,CO,AR	{'north': 5.2842873, 'south': -33.8689056, 'east': -28.6341164, 'west': -73.9830625}	5.2842873	-33.8689056	-28.6341164	-73.9830625
BS	3572887	Bahamas	BS	BHS	44	BF	NA	Nassau	13940	385640	.bs	BSD	Dollar	+1-242		en-BS		{'north': 27.4734551, 'south': 20.7059846, 'east': -72.4477521, 'west': -80.7001941}	27.4734551	20.7059846	-72.4477521	-80.7001941
BT	1252634	Bhutan	BT	BTN	64	BT	AS	Thimphu	47000	754394	.bt	BTN	Ngultrum	975		dz	CN,IN	{'north': 28.246987, 'south': 26.702016, 'east': 92.1252321, 'west': 88.7464724}	28.246987	26.702016	92.1252321	88.7464724
BV	3371123	Bouvet Island	BV	BVT	74	BV	AN		49	0	.bv	NOK	Krone									
BW	933860	Botswana	BW	BWA	72	BC	AF	Gaborone	600370	2254126	.bw	BWP	Pula	267		en-BW,tn-BW	ZW,ZA,NA	{'north': -17.778137, 'south': -26.9059669, 'east': 29.375304, 'west': 19.9986474}	-17.778137	-26.9059669	29.375304	19.9986474
BY	630336	Belarus	BY	BLR	112	BO	EU	Minsk	207600	9485386	.by	BYN	Belarusian ruble	375	^(\d{6})$	be,ru	PL,LT,UA,RU,LV	{'north': 56.17218, 'south': 51.2575982, 'east': 32.7627809, 'west': 23.1783344}	56.17218	51.2575982	32.7627809	23.1783344
BZ	3582678	Belize	BZ	BLZ	84	BH	NA	Belmopan	22966	383071	.bz	BZD	Dollar	501		en-BZ,es	GT,MX	{'north': 18.496001, 'south': 15.8857286, 'east': -87.3098494, 'west': -89.2262083}	18.496001	15.8857286	-87.3098494	-89.2262083
CA	6251999	Canada	CA	CAN	124	CA	NA	Ottawa	9984670	37058856	.ca	CAD	Dollar	1	^([ABCEGHJKLMNPRSTVXY]\d[ABCEGHJKLMNPRSTVWXYZ]) ?(\d[ABCEGHJKLMNPRSTVWXYZ]\d)$ 	en-CA,fr-CA,iu	US	{'north': 83.3362128, 'south': 41.6765556, 'east': -52.3231981, 'west': -141.00275}	83.3362128	41.6765556	-52.3231981	-141.00275
CC	1547376	Cocos Islands	CC	CCK	166	CK	AS	West Island	14	628	.cc	AUD	Dollar	61		ms-CC,en		{'north': -11.6213132, 'south': -12.4055983, 'east': 97.1357343, 'west': 96.612524}	-11.6213132	-12.4055983	97.1357343	96.612524
CD	203312	Democratic Republic of the Congo	CD	COD	180	CG	AF	Kinshasa	2345410	84068091	.cd	CDF	Franc	243		fr-CD,ln,ktu,kg,sw,lua	TZ,CF,SS,RW,ZM,BI,UG,CG,AO	{'north': 5.3920026, 'south': -13.459035, 'east': 31.3056758, 'west': 12.039074}	5.3920026	-13.459035	31.3056758	12.039074
CF	239880	Central African Republic	CF	CAF	140	CT	AF	Bangui	622984	4666377	.cf	XAF	Franc	236		fr-CF,sg,ln,kg	TD,SD,CD,SS,CM,CG	{'north': 11.001389, 'south': 2.2156553, 'east': 27.4540764, 'west': 14.4155426}	11.001389	2.2156553	27.4540764	14.4155426
CG	2260494	Republic of the Congo	CG	COG	178	CF	AF	Brazzaville	342000	5244363	.cg	XAF	Franc	242		fr-CG,kg,ln-CG	CF,GA,CD,CM,AO	{'north': 3.713056, 'south': -5.149089, 'east': 18.643611, 'west': 11.0048205}	3.713056	-5.149089	18.643611	11.0048205
CH	2658434	Switzerland	CH	CHE	756	SZ	EU	Bern	41290	8516543	.ch	CHF	Franc	41	^(\d{4})$	de-CH,fr-CH,it-CH,rm	DE,IT,LI,FR,AT	{'north': 47.8084648, 'south': 45.817995, 'east': 10.4922941, 'west': 5.9559113}	47.8084648	45.817995	10.4922941	5.9559113
CI	2287781	Ivory Coast	CI	CIV	384	IV	AF	Yamoussoukro	322460	25069229	.ci	XOF	Franc	225		fr-CI	LR,GH,GN,BF,ML	{'north': 10.740197, 'south': 4.1621205, 'east': -2.493031, 'west': -8.601725}	10.740197	4.1621205	-2.493031	-8.601725
CK	1899402	Cook Islands	CK	COK	184	CW	OC	Avarua	240	21388	.ck	NZD	Dollar	682		en-CK,mi		{'north': -8.7168792, 'south': -22.15807, 'east': -157.1089329, 'west': -166.0856468}	-8.7168792	-22.15807	-157.1089329	-166.0856468
CL	3895114	Chile	CL	CHL	152	CI	SA	Santiago	756950	18729160	.cl	CLP	Peso	56	^(\d{7})$	es-CL	PE,BO,AR	{'north': -17.4983998, 'south': -56.725, 'east': -66.0753474, 'west': -109.6795789}	-17.4983998	-56.725	-66.0753474	-109.6795789
CM	2233387	Cameroon	CM	CMR	120	CM	AF	Yaounde	475440	25216237	.cm	XAF	Franc	237		en-CM,fr-CM	TD,CF,GA,GQ,CG,NG	{'north': 13.083333, 'south': 1.6546659, 'east': 16.1921476, 'west': 8.3822176}	13.083333	1.6546659	16.1921476	8.3822176
CN	1814991	China	CN	CHN	156	CH	AS	Beijing	9596960	1411778724	.cn	CNY	Yuan Renminbi	86	^(\d{6})$	zh-CN,yue,wuu,dta,ug,za	LA,BT,TJ,KZ,MN,AF,NP,MM,KG,PK,KP,RU,VN,IN	{'north': 53.5608154, 'south': 8.8383436, 'east': 134.7754563, 'west': 73.4997347}	53.5608154	8.8383436	134.7754563	73.4997347
CO	3686110	Colombia	CO	COL	170	CO	SA	Bogota	1138910	49648685	.co	COP	Peso	57	^(\d{6})$	es-CO	EC,PE,PA,BR,VE	{'north': 16.0571269, 'south': -4.2316872, 'east': -66.8511907, 'west': -82.1243666}	16.0571269	-4.2316872	-66.8511907	-82.1243666
CR	3624060	Costa Rica	CR	CRI	188	CS	NA	San Jose	51100	4999441	.cr	CRC	Colon	506	^(\d{5})$	es-CR,en	PA,NI	{'north': 11.2195684, 'south': 5.3329698, 'east': -82.5060208, 'west': -87.2722647}	11.2195684	5.3329698	-82.5060208	-87.2722647
CU	3562981	Cuba	CU	CUB	192	CU	NA	Havana	110860	11338138	.cu	CUP	Peso	53	^(?:CP)*(\d{5})$	es-CU,pap	US	{'north': 23.4816972, 'south': 19.6275294, 'east': -73.9190004, 'west': -85.1679702}	23.4816972	19.6275294	-73.9190004	-85.1679702
CV	3374766	Cabo Verde	CV	CPV	132	CV	AF	Praia	4033	543767	.cv	CVE	Escudo	238	^(\d{4})$	pt-CV		{'north': 17.2053108, 'south': 14.8031546, 'east': -22.6673416, 'west': -25.3609478}	17.2053108	14.8031546	-22.6673416	-25.3609478
CW	7626836	Curacao	CW	CUW	531	UC	NA	 Willemstad	444	159849	.cw	ANG	Guilder	599		nl,pap						
CX	2078138	Christmas Island	CX	CXR	162	KT	OC	Flying Fish Cove	135	1500	.cx	AUD	Dollar	61	^(\d{4})$	en,zh,ms-CX		{'north': -10.4123553, 'south': -10.5698515, 'east': 105.7130159, 'west': 105.5336422}	-10.4123553	-10.5698515	105.7130159	105.5336422
CY	146669	Cyprus	CY	CYP	196	CY	EU	Nicosia	9250	1189265	.cy	EUR	Euro	357	^(\d{4})$	el-CY,tr-CY,en		{'north': 35.913252, 'south': 34.4383706, 'east': 34.8553182, 'west': 32.0227581}	35.913252	34.4383706	34.8553182	32.0227581
CZ	3077311	Czechia	CZ	CZE	203	EZ	EU	Prague	78866	10625695	.cz	CZK	Koruna	420	^\d{3}\s?\d{2}$	cs,sk	PL,DE,SK,AT	{'north': 51.0557036, 'south': 48.5518083, 'east': 18.859216, 'west': 12.0905901}	51.0557036	48.5518083	18.859216	12.0905901
DE	2921044	Germany	DE	DEU	276	GM	EU	Berlin	357021	82927922	.de	EUR	Euro	49	^(\d{5})$	de	CH,PL,NL,DK,BE,CZ,LU,FR,AT	{'north': 55.099161, 'south': 47.2701114, 'east': 15.0419319, 'west': 5.8663153}	55.099161	47.2701114	15.0419319	5.8663153
DJ	223816	Djibouti	DJ	DJI	262	DJ	AF	Djibouti	23000	958920	.dj	DJF	Franc	253		fr-DJ,ar,so-DJ,aa	ER,ET,SO	{'north': 12.7923081, 'south': 10.9149547, 'east': 43.6579046, 'west': 41.7713139}	12.7923081	10.9149547	43.6579046	41.7713139
DK	2623032	Denmark	DK	DNK	208	DA	EU	Copenhagen	43094	5797446	.dk	DKK	Krone	45	^(\d{4})$	da-DK,en,fo,de-DK	DE	{'north': 57.9524297, 'south': 54.4516667, 'east': 15.5530641, 'west': 7.7153255}	57.9524297	54.4516667	15.5530641	7.7153255
DM	3575830	Dominica	DM	DMA	212	DO	NA	Roseau	754	71625	.dm	XCD	Dollar	+1-767		en-DM		{'north': 15.7872222, 'south': 15.0074207, 'east': -61.0329895, 'west': -61.6869184}	15.7872222	15.0074207	-61.0329895	-61.6869184
DO	3508796	Dominican Republic	DO	DOM	214	DR	NA	Santo Domingo	48730	10627165	.do	DOP	Peso	+1-809 and 1-829	^(\d{5})$	es-DO	HT	{'north': 21.303433, 'south': 17.2701708, 'east': -68.1101463, 'west': -72.0574706}	21.303433	17.2701708	-68.1101463	-72.0574706
DZ	2589581	Algeria	DZ	DZA	12	AG	AF	Algiers	2381740	42228429	.dz	DZD	Dinar	213	^(\d{5})$	ar-DZ	NE,EH,LY,MR,TN,MA,ML	{'north': 37.2962055, 'south': 18.968147, 'east': 11.997337, 'west': -8.668908}	37.2962055	18.968147	11.997337	-8.668908
EC	3658394	Ecuador	EC	ECU	218	EC	SA	Quito	283560	17084357	.ec	USD	Dollar	593	^([a-zA-Z]\d{4}[a-zA-Z])$	es-EC	PE,CO	{'north': 1.8835964, 'south': -5.0159314, 'east': -75.192504, 'west': -92.2072392}	1.8835964	-5.0159314	-75.192504	-92.2072392
EE	453733	Estonia	EE	EST	233	EN	EU	Tallinn	45226	1320884	.ee	EUR	Euro	372	^(\d{5})$	et,ru	RU,LV	{'north': 59.9383754, 'south': 57.5092997, 'east': 28.2100175, 'west': 21.3826069}	59.9383754	57.5092997	28.2100175	21.3826069
EG	357994	Egypt	EG	EGY	818	EG	AF	Cairo	1001450	98423595	.eg	EGP	Pound	20	^(\d{5})$	ar-EG,en,fr	LY,SD,IL,PS	{'north': 31.8330854, 'south': 22.0, 'east': 37.1153517, 'west': 24.6499112}	31.8330854	22.0	37.1153517	24.6499112
EH	2461445	Western Sahara	EH	ESH	732	WI	AF	El-Aaiun	266000	273008	.eh	MAD	Dirham	212		ar,mey	DZ,MR,MA	{'north': 27.6666834, 'south': 20.556883, 'east': -8.666389, 'west': -17.3494721}	27.6666834	20.556883	-8.666389	-17.3494721
ER	338010	Eritrea	ER	ERI	232	ER	AF	Asmara	121320	6209262	.er	ERN	Nakfa	291		aa-ER,ar,tig,kun,ti-ER	ET,SD,DJ	{'north': 18.0709917, 'south': 12.3548219, 'east': 43.300171399999996, 'west': 36.4333653}	18.0709917	12.3548219	43.300171399999996	36.4333653
ES	2510769	Spain	ES	ESP	724	SP	EU	Madrid	504782	46723749	.es	EUR	Euro	34	^(\d{5})$	es-ES,ca,gl,eu,oc	AD,PT,GI,FR,MA	{'north': 43.9933088, 'south': 27.4335426, 'east': 4.5918885, 'west': -18.3936845}	43.9933088	27.4335426	4.5918885	-18.3936845
ET	337996	Ethiopia	ET	ETH	231	ET	AF	Addis Ababa	1127127	109224559	.et	ETB	Birr	251	^(\d{4})$	am,en-ET,om-ET,ti-ET,so-ET,sid	ER,KE,SD,SS,SO,DJ	{'north': 14.8940537, 'south': 3.397448, 'east': 47.9823797, 'west': 32.9975838}	14.8940537	3.397448	47.9823797	32.9975838
FI	660013	Finland	FI	FIN	246	FI	EU	Helsinki	337030	5518050	.fi	EUR	Euro	358	^(?:FI)*(\d{5})$	fi-FI,sv-FI,smn	NO,RU,SE	{'north': 70.0922939, 'south': 59.4541578, 'east': 31.586707099999998, 'west': 19.0832098}	70.0922939	59.4541578	31.586707099999998	19.0832098
FJ	2205218	Fiji	FJ	FJI	242	FJ	OC	Suva	18270	883483	.fj	FJD	Dollar	679		en-FJ,fj		{'north': -12.2613866, 'south': -21.9434274, 'east': -178.5, 'west': 172.0}	-12.2613866	-21.9434274	-178.5	172.0
FK	3474414	Falkland Islands	FK	FLK	238	FK	SA	Stanley	12173	2638	.fk	FKP	Pound	500		en-FK		{'north': -50.7973007, 'south': -53.1186766, 'east': -57.3662367, 'west': -61.7726772}	-50.7973007	-53.1186766	-57.3662367	-61.7726772
FM	2081918	Micronesia	FM	FSM	583	FM	OC	Palikir	702	112640	.fm	USD	Dollar	691	^(\d{5})$	en-FM,chk,pon,yap,kos,uli,woe,nkr,kpg		{'north': 10.291, 'south': 0.8270000000000001, 'east': 163.2364054, 'west': 137.2234512}	10.291	0.8270000000000001	163.2364054	137.2234512
FO	2622320	Faroe Islands	FO	FRO	234	FO	EU	Torshavn	1399	48497	.fo	DKK	Krone	298	^(?:FO)*(\d{3})$	fo,da-FO		{'north': 62.3942991, 'south': 61.3915553, 'east': -6.2565525, 'west': -7.6882939}	62.3942991	61.3915553	-6.2565525	-7.6882939
FR	3017382	France	FR	FRA	250	FR	EU	Paris	547030	66987244	.fr	EUR	Euro	33	^(\d{5})$	fr-FR,frp,br,co,ca,eu,oc	CH,DE,BE,LU,IT,AD,MC,ES	{'north': 51.268318, 'south': 41.2632185, 'east': 9.8678344, 'west': -5.4534286}	51.268318	41.2632185	9.8678344	-5.4534286
GA	2400553	Gabon	GA	GAB	266	GB	AF	Libreville	267667	2119275	.ga	XAF	Franc	241		fr-GA	CM,GQ,CG	{'north': 2.3182171, 'south': -4.1012261, 'east': 14.539444, 'west': 8.5002246}	2.3182171	-4.1012261	14.539444	8.5002246
GB	2635167	United Kingdom	GB	GBR	826	UK	EU	London	244820	66488991	.uk	GBP	Pound	44	^([Gg][Ii][Rr]\s?0[Aa]{2})|((([A-Za-z][0-9]{1,2})|(([A-Za-z][A-Ha-hJ-Yj-y][0-9]{1,2})|(([A-Za-z][0-9][A-Za-z])|([A-Za-z][A-Ha-hJ-Yj-y][0-9]?[A-Za-z]))))\s?[0-9][A-Za-z]{2})$	en-GB,cy-GB,gd	IE	{'north': 61.061, 'south': 49.674, 'east': 2.0919117, 'west': -14.015517}	61.061	49.674	2.0919117	-14.015517
GD	3580239	Grenada	GD	GRD	308	GJ	NA	St. George's	344	111454	.gd	XCD	Dollar	+1-473		en-GD		{'north': 12.5966532, 'south': 11.786, 'east': -61.1732143, 'west': -62.0065868}	12.5966532	11.786	-61.1732143	-62.0065868
GE	614540	Georgia	GE	GEO	268	GG	AS	Tbilisi	69700	3731000	.ge	GEL	Lari	995	^(\d{4})$	ka,ru,hy,az	AM,AZ,TR,RU	{'north': 43.5864294, 'south': 41.0552922, 'east': 46.7365373, 'west': 39.8844803}	43.5864294	41.0552922	46.7365373	39.8844803
GF	3381670	French Guiana	GF	GUF	254	FG	SA	Cayenne	91000	195506	.gf	EUR	Euro	594	^((97|98)3\d{2})$	fr-GF	SR,BR					
GG	3042362	Guernsey	GG	GGY	831	GK	EU	St Peter Port	78	65228	.gg	GBP	Pound	+44-1481	^((?:(?:[A-PR-UWYZ][A-HK-Y]\d[ABEHMNPRV-Y0-9]|[A-PR-UWYZ]\d[A-HJKPS-UW0-9])\s\d[ABD-HJLNP-UW-Z]{2})|GIR\s?0AA)$	en,nrf		{'north': 49.5090776, 'south': 49.4155331, 'east': -2.501814, 'west': -2.6751703}	49.5090776	49.4155331	-2.501814	-2.6751703
GH	2300660	Ghana	GH	GHA	288	GH	AF	Accra	239460	29767108	.gh	GHS	Cedi	233		en-GH,ak,ee,tw	CI,TG,BF	{'north': 11.1748562, 'south': 4.5392525, 'east': 1.2732942, 'west': -3.260786}	11.1748562	4.5392525	1.2732942	-3.260786
GI	2411586	Gibraltar	GI	GIB	292	GI	EU	Gibraltar	6	33718	.gi	GIP	Pound	350		en-GI,es,it,pt	ES	{'north': 36.180807, 'south': 36.100807, 'east': -5.3141295, 'west': -5.3941295}	36.180807	36.100807	-5.3141295	-5.3941295
GL	3425505	Greenland	GL	GRL	304	GL	NA	Nuuk	2166086	56025	.gl	DKK	Krone	299	^(\d{4})$	kl,da-GL,en		{'north': 83.875172, 'south': 59.515387, 'east': -10.0288759, 'west': -74.1250416}	83.875172	59.515387	-10.0288759	-74.1250416
GM	2413451	Gambia	GM	GMB	270	GA	AF	Banjul	11300	2280102	.gm	GMD	Dalasi	220		en-GM,mnk,wof,wo,ff	SN	{'north': 13.8253137, 'south': 13.061, 'east': -13.797778, 'west': -17.0288254}	13.8253137	13.061	-13.797778	-17.0288254
GN	2420477	Guinea	GN	GIN	324	GV	AF	Conakry	245857	12414318	.gn	GNF	Franc	224		fr-GN	LR,SN,SL,CI,GW,ML	{'north': 12.67563, 'south': 7.1906045, 'east': -7.6381993, 'west': -15.5680508}	12.67563	7.1906045	-7.6381993	-15.5680508
GP	3579143	Guadeloupe	GP	GLP	312	GP	NA	Basse-Terre	1780	443000	.gp	EUR	Euro	590	^((97|98)\d{3})$	fr-GP						
GQ	2309096	Equatorial Guinea	GQ	GNQ	226	EK	AF	Malabo	28051	1308974	.gq	XAF	Franc	240		es-GQ,fr,pt	GA,CM	{'north': 3.989, 'south': -1.6732196, 'east': 11.3598628, 'west': 5.4172943}	3.989	-1.6732196	11.3598628	5.4172943
GR	390903	Greece	GR	GRC	300	GR	EU	Athens	131940	10727668	.gr	EUR	Euro	30	^(\d{5})$	el-GR,en,fr	AL,MK,TR,BG	{'north': 41.7488862, 'south': 34.7006096, 'east': 29.7296986, 'west': 19.2477876}	41.7488862	34.7006096	29.7296986	19.2477876
GS	3474415	South Georgia and the South Sandwich Islands	GS	SGS	239	SX	AN	Grytviken	3903	30	.gs	GBP	Pound			en						
GT	3595528	Guatemala	GT	GTM	320	GT	NA	Guatemala City	108890	17247807	.gt	GTQ	Quetzal	502	^(\d{5})$	es-GT	MX,HN,BZ,SV	{'north': 17.8165947, 'south': 13.6345804, 'east': -88.1755849, 'west': -92.3105242}	17.8165947	13.6345804	-88.1755849	-92.3105242
GU	4043988	Guam	GU	GUM	316	GQ	OC	Hagatna	549	165768	.gu	USD	Dollar	+1-671	^(969\d{2})$	en-GU,ch-GU		{'north': 13.706179, 'south': 13.182335, 'east': 145.009167, 'west': 144.563426}	13.706179	13.182335	145.009167	144.563426
GW	2372248	Guinea-Bissau	GW	GNB	624	PU	AF	Bissau	36120	1874309	.gw	XOF	Franc	245	^(\d{4})$	pt-GW,pov	SN,GN	{'north': 12.6862384, 'south': 10.6514215, 'east': -13.6348777, 'west': -16.894523}	12.6862384	10.6514215	-13.6348777	-16.894523
GY	3378535	Guyana	GY	GUY	328	GY	SA	Georgetown	214970	779004	.gy	GYD	Dollar	592		en-GY	SR,BR,VE	{'north': 8.6038842, 'south': 1.1710017, 'east': -56.4689543, 'west': -61.414905}	8.6038842	1.1710017	-56.4689543	-61.414905
HK	1819730	Hong Kong	HK	HKG	344	HK	AS	Hong Kong	1092	7451000	.hk	HKD	Dollar	852		zh-HK,yue,zh,en		{'north': 22.4393278, 'south': 22.1193278, 'east': 114.3228131, 'west': 114.0028131}	22.4393278	22.1193278	114.3228131	114.0028131
HM	1547314	Heard Island and McDonald Islands	HM	HMD	334	HM	AN		412	0	.hm	AUD	Dollar	 								
HN	3608932	Honduras	HN	HND	340	HO	NA	Tegucigalpa	112090	9587522	.hn	HNL	Lempira	504	^([A-Z]{2}\d{4})$	es-HN,cab,miq	GT,NI,SV	{'north': 17.619526, 'south': 12.9808485, 'east': -82.1729621, 'west': -89.3568207}	17.619526	12.9808485	-82.1729621	-89.3568207
HR	3202326	Croatia	HR	HRV	191	HR	EU	Zagreb	56542	3871833	.hr	EUR	Euro	385	^(?:HR)*(\d{5})$	hr-HR,sr	HU,SI,BA,ME,RS	{'north': 46.555029, 'south': 42.1765993, 'east': 19.4470842, 'west': 13.2104814}	46.555029	42.1765993	19.4470842	13.2104814
HT	3723988	Haiti	HT	HTI	332	HA	NA	Port-au-Prince	27750	11123176	.ht	HTG	Gourde	509	^(?:HT)*(\d{4})$	ht,fr-HT	DO	{'north': 20.2181368, 'south': 17.9099291, 'east': -71.6217461, 'west': -75.2384618}	20.2181368	17.9099291	-71.6217461	-75.2384618
HU	719819	Hungary	HU	HUN	348	HU	EU	Budapest	93030	9768785	.hu	HUF	Forint	36	^(\d{4})$	hu-HU	SK,SI,RO,UA,HR,AT,RS	{'north': 48.585257, 'south': 45.737128, 'east': 22.8977094, 'west': 16.1138867}	48.585257	45.737128	22.8977094	16.1138867
ID	1643084	Indonesia	ID	IDN	360	ID	AS	Jakarta	1919440	267663435	.id	IDR	Rupiah	62	^(\d{5})$	id,en,nl,jv	PG,TL,MY	{'north': 6.2744496, 'south': -11.2085669, 'east': 141.0194444, 'west': 94.7717124}	6.2744496	-11.2085669	141.0194444	94.7717124
IE	2963597	Ireland	IE	IRL	372	EI	EU	Dublin	70280	4853506	.ie	EUR	Euro	353	^(D6W|[AC-FHKNPRTV-Y][0-9]{2})\s?([AC-FHKNPRTV-Y0-9]{4})	en-IE,ga-IE	GB	{'north': 55.636, 'south': 51.222, 'east': -5.6582363, 'west': -11.0133788}	55.636	51.222	-5.6582363	-11.0133788
IL	294640	Israel	IL	ISR	376	IS	AS	Jerusalem	20770	8883800	.il	ILS	Shekel	972	^(\d{7}|\d{5})$	he,ar-IL,en-IL,	SY,JO,LB,EG,PS	{'north': 33.3356317, 'south': 29.4533796, 'east': 35.8950234, 'west': 34.2674994}	33.3356317	29.4533796	35.8950234	34.2674994
IM	3042225	Isle of Man	IM	IMN	833	IM	EU	Douglas	572	84077	.im	GBP	Pound	+44-1624	^((?:(?:[A-PR-UWYZ][A-HK-Y]\d[ABEHMNPRV-Y0-9]|[A-PR-UWYZ]\d[A-HJKPS-UW0-9])\s\d[ABD-HJLNP-UW-Z]{2})|GIR\s?0AA)$	en,gv		{'north': 54.4178705, 'south': 54.0539576, 'east': -4.3076853, 'west': -4.7946845}	54.4178705	54.0539576	-4.3076853	-4.7946845
IN	1269750	India	IN	IND	356	IN	AS	New Delhi	3287590	1352617328	.in	INR	Rupee	91	^(\d{6})$	en-IN,hi,bn,te,mr,ta,ur,gu,kn,ml,or,pa,as,bh,sat,ks,ne,sd,kok,doi,mni,sit,sa,fr,lus,inc	CN,NP,MM,BT,PK,BD	{'north': 35.6745457, 'south': 6.5546079, 'east': 97.395561, 'west': 68.1113787}	35.6745457	6.5546079	97.395561	68.1113787
IO	1282588	British Indian Ocean Territory	IO	IOT	86	IO	AS	Diego Garcia	60	4000	.io	USD	Dollar	246		en-IO		{'north': -5.037066, 'south': -7.6454079, 'east': 72.7020157, 'west': 71.036504}	-5.037066	-7.6454079	72.7020157	71.036504
IQ	99237	Iraq	IQ	IRQ	368	IZ	AS	Baghdad	437072	38433600	.iq	IQD	Dinar	964	^(\d{5})$	ar-IQ,ku,hy	SY,SA,IR,JO,TR,KW	{'north': 37.380932, 'south': 29.0585661, 'east': 48.8412702, 'west': 38.7936719}	37.380932	29.0585661	48.8412702	38.7936719
IR	130758	Iran	IR	IRN	364	IR	AS	Tehran	1648000	81800269	.ir	IRR	Rial	98	^(\d{10})$	fa-IR,ku	TM,AF,IQ,AM,PK,AZ,TR	{'north': 39.7816502, 'south': 24.8465103, 'east': 63.3332704, 'west': 44.0318908}	39.7816502	24.8465103	63.3332704	44.0318908
IS	2629691	Iceland	IS	ISL	352	IC	EU	Reykjavik	103000	353574	.is	ISK	Krona	354	^(\d{3})$	is,en,de,da,sv,no		{'north': 67.353, 'south': 63.0859177, 'east': -12.8046162, 'west': -25.0135069}	67.353	63.0859177	-12.8046162	-25.0135069
IT	3175395	Italy	IT	ITA	380	IT	EU	Rome	301230	60431283	.it	EUR	Euro	39	^(\d{5})$	it-IT,de-IT,fr-IT,sc,ca,co,sl	CH,VA,SI,SM,FR,AT	{'north': 47.0921462, 'south': 35.2889616, 'east': 18.7844746, 'west': 6.6272658}	47.0921462	35.2889616	18.7844746	6.6272658
JE	3042142	Jersey	JE	JEY	832	JE	EU	Saint Helier	116	90812	.je	GBP	Pound	+44-1534	^((?:(?:[A-PR-UWYZ][A-HK-Y]\d[ABEHMNPRV-Y0-9]|[A-PR-UWYZ]\d[A-HJKPS-UW0-9])\s\d[ABD-HJLNP-UW-Z]{2})|GIR\s?0AA)$	en,fr,nrf		{'north': 49.2621288, 'south': 49.1625179, 'east': -2.0104193, 'west': -2.254512}	49.2621288	49.1625179	-2.0104193	-2.254512
JM	3489940	Jamaica	JM	JAM	388	JM	NA	Kingston	10991	2934855	.jm	JMD	Dollar	+1-876		en-JM		{'north': 18.7256394, 'south': 16.5899443, 'east': -75.7541143, 'west': -78.5782366}	18.7256394	16.5899443	-75.7541143	-78.5782366
JO	248816	Jordan	JO	JOR	400	JO	AS	Amman	92300	9956011	.jo	JOD	Dinar	962	^(\d{5})$	ar-JO,en	SY,SA,IQ,IL,PS	{'north': 33.3750617, 'south': 29.183401, 'east': 39.3012981, 'west': 34.8844372}	33.3750617	29.183401	39.3012981	34.8844372
JP	1861060	Japan	JP	JPN	392	JA	AS	Tokyo	377835	126529100	.jp	JPY	Yen	81	^\d{3}-\d{4}$	ja		{'north': 45.7112046, 'south': 20.2145811, 'east': 154.205541, 'west': 122.7141754}	45.7112046	20.2145811	154.205541	122.7141754
KE	192950	Kenya	KE	KEN	404	KE	AF	Nairobi	582650	51393010	.ke	KES	Shilling	254	^(\d{5})$	en-KE,sw-KE	ET,TZ,SS,SO,UG	{'north': 4.62, 'south': -4.8995204, 'east': 41.899578, 'west': 33.9098987}	4.62	-4.8995204	41.899578	33.9098987
KG	1527747	Kyrgyzstan	KG	KGZ	417	KG	AS	Bishkek	198500	6315800	.kg	KGS	Som	996	^(\d{6})$	ky,uz,ru	CN,TJ,UZ,KZ	{'north': 43.2667971, 'south': 39.1728437, 'east': 80.2295793, 'west': 69.2649523}	43.2667971	39.1728437	80.2295793	69.2649523
KH	1831722	Cambodia	KH	KHM	116	CB	AS	Phnom Penh	181040	16249798	.kh	KHR	Riels	855	^(\d{5})$	km,fr,en	LA,TH,VN	{'north': 14.6904224, 'south': 9.4752639, 'east': 107.6276788, 'west': 102.3338282}	14.6904224	9.4752639	107.6276788	102.3338282
KI	4030945	Kiribati	KI	KIR	296	KR	OC	Tarawa	811	115847	.ki	AUD	Dollar	686		en-KI,gil		{'north': 7.9483283, 'south': -7.0516717, 'east': -164.1645388, 'west': -179.1645388}	7.9483283	-7.0516717	-164.1645388	-179.1645388
KM	921929	Comoros	KM	COM	174	CN	AF	Moroni	2170	832322	.km	KMF	Franc	269		ar,fr-KM		{'north': -11.165, 'south': -12.621, 'east': 44.7451922, 'west': 43.025305}	-11.165	-12.621	44.7451922	43.025305
KN	3575174	Saint Kitts and Nevis	KN	KNA	659	SC	NA	Basseterre	261	52441	.kn	XCD	Dollar	+1-869		en-KN		{'north': 17.6158146, 'south': 16.895, 'east': -62.3303519, 'west': -63.051129}	17.6158146	16.895	-62.3303519	-63.051129
KP	1873107	North Korea	KP	PRK	408	KN	AS	Pyongyang	120540	25549819	.kp	KPW	Won	850	^(\d{6})$	ko-KP	CN,KR,RU	{'north': 43.0089642, 'south': 37.5867855, 'east': 130.924647, 'west': 124.0913902}	43.0089642	37.5867855	130.924647	124.0913902
KR	1835841	South Korea	KR	KOR	410	KS	AS	Seoul	98480	51635256	.kr	KRW	Won	82	^(\d{5})$	ko-KR,en	KP	{'north': 38.623477, 'south': 32.9104556, 'east': 132.1467806, 'west': 124.354847}	38.623477	32.9104556	132.1467806	124.354847
XK	831053	Kosovo	XK	XKX	0	KV	EU	Pristina	10908	1845300		EUR	Euro			sq,sr	RS,AL,MK,ME					
KW	285570	Kuwait	KW	KWT	414	KU	AS	Kuwait City	17820	4137309	.kw	KWD	Dinar	965	^(\d{5})$	ar-KW,en	SA,IQ	{'north': 30.1038082, 'south': 28.5243622, 'east': 49.0046809, 'west': 46.5526837}	30.1038082	28.5243622	49.0046809	46.5526837
KY	3580718	Cayman Islands	KY	CYM	136	CJ	NA	George Town	262	64174	.ky	KYD	Dollar	+1-345		en-KY		{'north': 19.9573759, 'south': 19.0620619, 'east': -79.5110954, 'west': -81.6313748}	19.9573759	19.0620619	-79.5110954	-81.6313748
KZ	1522867	Kazakhstan	KZ	KAZ	398	KZ	AS	Nur-Sultan	2717300	18276499	.kz	KZT	Tenge	7	^(\d{6})$	kk,ru	TM,CN,KG,UZ,RU	{'north': 55.4421701, 'south': 40.5686476, 'east': 87.3156316, 'west': 46.4932179}	55.4421701	40.5686476	87.3156316	46.4932179
LA	1655842	Laos	LA	LAO	418	LA	AS	Vientiane	236800	7061507	.la	LAK	Kip	856	^(\d{5})$	lo,fr,en	CN,MM,KH,TH,VN	{'north': 22.5086717, 'south': 13.9096752, 'east': 107.6349989, 'west': 100.0843247}	22.5086717	13.9096752	107.6349989	100.0843247
LB	272103	Lebanon	LB	LBN	422	LE	AS	Beirut	10400	6848925	.lb	LBP	Pound	961	^(\d{4}(\d{4})?)$	ar-LB,fr-LB,en,hy	SY,IL	{'north': 34.6923543, 'south': 33.0479858, 'east': 36.625, 'west': 34.8825667}	34.6923543	33.0479858	36.625	34.8825667
LC	3576468	Saint Lucia	LC	LCA	662	ST	NA	Castries	616	181889	.lc	XCD	Dollar	+1-758		en-LC		{'north': 14.2725, 'south': 13.508, 'east': -60.6669363, 'west': -61.2853867}	14.2725	13.508	-60.6669363	-61.2853867
LI	3042058	Liechtenstein	LI	LIE	438	LS	EU	Vaduz	160	37910	.li	CHF	Franc	423	^(\d{4})$	de-LI	CH,AT	{'north': 47.270581, 'south': 47.0484291, 'east': 9.6357143, 'west': 9.4716736}	47.270581	47.0484291	9.6357143	9.4716736
LK	1227603	Sri Lanka	LK	LKA	144	CE	AS	Colombo	65610	21670000	.lk	LKR	Rupee	94	^(\d{5})$	si,ta,en		{'north': 10.035, 'south': 5.719, 'east': 82.0810141, 'west': 79.3959205}	10.035	5.719	82.0810141	79.3959205
LR	2275384	Liberia	LR	LBR	430	LI	AF	Monrovia	111370	4818977	.lr	LRD	Dollar	231	^(\d{4})$	en-LR	SL,CI,GN	{'north': 8.5519861, 'south': 4.1555907, 'east': -7.367323, 'west': -11.6080764}	8.5519861	4.1555907	-7.367323	-11.6080764
LS	932692	Lesotho	LS	LSO	426	LT	AF	Maseru	30355	2108132	.ls	LSL	Loti	266	^(\d{3})$	en-LS,st,zu,xh	ZA	{'north': -28.570615, 'south': -30.6772773, 'east': 29.4557099, 'west': 27.0114632}	-28.570615	-30.6772773	29.4557099	27.0114632
LT	597427	Lithuania	LT	LTU	440	LH	EU	Vilnius	65200	2789533	.lt	EUR	Euro	370	^(?:LT)*(\d{5})$	lt,ru,pl	PL,BY,RU,LV	{'north': 56.4504213, 'south': 53.8967893, 'east': 26.8355198, 'west': 20.653783}	56.4504213	53.8967893	26.8355198	20.653783
LU	2960313	Luxembourg	LU	LUX	442	LU	EU	Luxembourg	2586	607728	.lu	EUR	Euro	352	^(?:L-)?\d{4}$	lb,de-LU,fr-LU	DE,BE,FR	{'north': 50.430377, 'south': 49.4969821, 'east': 6.0344254, 'west': 4.9684415}	50.430377	49.4969821	6.0344254	4.9684415
LV	458258	Latvia	LV	LVA	428	LG	EU	Riga	64589	1926542	.lv	EUR	Euro	371	^(?:LV)*(\d{4})$	lv,ru,lt	LT,EE,BY,RU	{'north': 58.0855688, 'south': 55.6746505, 'east': 28.2414904, 'west': 20.6715407}	58.0855688	55.6746505	28.2414904	20.6715407
LY	2215636	Libya	LY	LBY	434	LY	AF	Tripoli	1759540	6678567	.ly	LYD	Dinar	218		ar-LY,it,en	TD,NE,DZ,SD,TN,EG	{'north': 33.3545898, 'south': 19.5008138, 'east': 25.3770629, 'west': 9.391081}	33.3545898	19.5008138	25.3770629	9.391081
MA	2542007	Morocco	MA	MAR	504	MO	AF	Rabat	446550	36029138	.ma	MAD	Dirham	212	^(\d{5})$	ar-MA,ber,fr	DZ,EH,ES	{'north': 36.0505269, 'south': 21.3365321, 'east': -0.9984289999999999, 'west': -17.2551456}	36.0505269	21.3365321	-0.9984289999999999	-17.2551456
MC	2993457	Monaco	MC	MCO	492	MN	EU	Monaco	1	38682	.mc	EUR	Euro	377	^(\d{5})$	fr-MC,en,it	FR	{'north': 43.7519311, 'south': 43.7247599, 'east': 7.4398704, 'west': 7.4090279}	43.7519311	43.7247599	7.4398704	7.4090279
MD	617790	Moldova	MD	MDA	498	MD	EU	Chisinau	33843	3545883	.md	MDL	Leu	373	^MD-\d{4}$	ro,ru,gag,tr	RO,UA	{'north': 48.4918695, 'south': 45.4674139, 'east': 30.1636756, 'west': 26.6162189}	48.4918695	45.4674139	30.1636756	26.6162189
ME	3194884	Montenegro	ME	MNE	499	MJ	EU	Podgorica	14026	622345	.me	EUR	Euro	382	^(\d{5})$	sr,hu,bs,sq,hr,rom	AL,HR,BA,RS,XK	{'north': 43.5585061, 'south': 41.7495999, 'east': 20.3561641, 'west': 18.4195781}	43.5585061	41.7495999	20.3561641	18.4195781
MF	3578421	Saint Martin	MF	MAF	663	RN	NA	Marigot	53	37264	.gp	EUR	Euro	590	^(\d{5})$	fr	SX	{'north': 18.1902778, 'south': 17.8963535, 'east': -62.7644063, 'west': -63.3605643}	18.1902778	17.8963535	-62.7644063	-63.3605643
MG	1062947	Madagascar	MG	MDG	450	MA	AF	Antananarivo	587040	26262368	.mg	MGA	Ariary	261	^(\d{3})$	fr-MG,mg		{'north': -11.9519693, 'south': -25.6071002, 'east': 50.4862553, 'west': 43.2202072}	-11.9519693	-25.6071002	50.4862553	43.2202072
MH	2080185	Marshall Islands	MH	MHL	584	RM	OC	Majuro	181	58413	.mh	USD	Dollar	692	^969\d{2}(-\d{4})$	mh,en-MH		{'north': 14.4518742, 'south': -0.5481258, 'east': 178.4985095, 'west': 163.4985095}	14.4518742	-0.5481258	178.4985095	163.4985095
MK	718075	North Macedonia	MK	MKD	807	MK	EU	Skopje	25333	2082958	.mk	MKD	Denar	389	^(\d{4})$	mk,sq,tr,rmm,sr	AL,GR,BG,RS,XK	{'north': 42.3735359, 'south': 40.8536596, 'east': 23.034051, 'west': 20.4529023}	42.3735359	40.8536596	23.034051	20.4529023
ML	2453866	Mali	ML	MLI	466	ML	AF	Bamako	1240000	19077690	.ml	XOF	Franc	223		fr-ML,bm	SN,NE,DZ,CI,GN,MR,BF	{'north': 25.001084, 'south': 10.147811, 'east': 4.2673828, 'west': -12.2402835}	25.001084	10.147811	4.2673828	-12.2402835
MM	1327865	Myanmar	MM	MMR	104	BM	AS	Nay Pyi Taw	678500	53708395	.mm	MMK	Kyat	95	^(\d{5})$	my	CN,LA,TH,BD,IN	{'north': 28.547835, 'south': 9.4399432, 'east': 101.1700796, 'west': 92.1719423}	28.547835	9.4399432	101.1700796	92.1719423
MN	2029969	Mongolia	MN	MNG	496	MG	AS	Ulaanbaatar	1565000	3170208	.mn	MNT	Tugrik	976	^(\d{6})$	mn,ru	CN,RU	{'north': 52.1496, 'south': 41.5800276, 'east': 119.931949, 'west': 87.73762}	52.1496	41.5800276	119.931949	87.73762
MO	1821275	Macao	MO	MAC	446	MC	AS	Macao	254	631636	.mo	MOP	Pataca	853		zh,zh-MO,pt		{'north': 22.2170361, 'south': 22.0766667, 'east': 113.6301389, 'west': 113.5281666}	22.2170361	22.0766667	113.6301389	113.5281666
MP	4041468	Northern Mariana Islands	MP	MNP	580	CQ	OC	Saipan	477	56882	.mp	USD	Dollar	+1-670	^9695\d{1}$	fil,tl,zh,ch-MP,en-MP		{'north': 20.616556, 'south': 14.036565, 'east': 146.154418, 'west': 144.813338}	20.616556	14.036565	146.154418	144.813338
MQ	3570311	Martinique	MQ	MTQ	474	MB	NA	Fort-de-France	1100	432900	.mq	EUR	Euro	596	^(\d{5})$	fr-MQ						
MR	2378080	Mauritania	MR	MRT	478	MR	AF	Nouakchott	1030700	4403319	.mr	MRU	Ouguiya	222		ar-MR,fuc,snk,fr,mey,wo	SN,DZ,EH,ML	{'north': 27.314942, 'south': 14.7209909, 'east': -4.8333344, 'west': -17.068081}	27.314942	14.7209909	-4.8333344	-17.068081
MS	3578097	Montserrat	MS	MSR	500	MH	NA	Plymouth	102	9341	.ms	XCD	Dollar	+1-664		en-MS		{'north': 17.0152978, 'south': 16.475, 'east': -61.9353818, 'west': -62.450667}	17.0152978	16.475	-61.9353818	-62.450667
MT	2562770	Malta	MT	MLT	470	MT	EU	Valletta	316	483530	.mt	EUR	Euro	356	^[A-Z]{3}\s?\d{4}$	mt,en-MT		{'north': 36.2852706, 'south': 35.6029696, 'east': 14.8267966, 'west': 13.9324226}	36.2852706	35.6029696	14.8267966	13.9324226
MU	934292	Mauritius	MU	MUS	480	MP	AF	Port Louis	2040	1265303	.mu	MUR	Rupee	230		en-MU,bho,fr		{'north': -10.138, 'south': -20.725, 'east': 63.7151319, 'west': 56.3825151}	-10.138	-20.725	63.7151319	56.3825151
MV	1282028	Maldives	MV	MDV	462	MV	AS	Male	300	515696	.mv	MVR	Rufiyaa	960	^(\d{5})$	dv,en		{'north': 7.3106246, 'south': -0.9074935, 'east': 73.9700962, 'west': 72.3554187}	7.3106246	-0.9074935	73.9700962	72.3554187
MW	927384	Malawi	MW	MWI	454	MI	AF	Lilongwe	118480	17563749	.mw	MWK	Kwacha	265	^(\d{6})$	ny,yao,tum,swk	TZ,MZ,ZM	{'north': -9.3683261, 'south': -17.1296031, 'east': 35.9185731, 'west': 32.6703616}	-9.3683261	-17.1296031	35.9185731	32.6703616
MX	3996063	Mexico	MX	MEX	484	MX	NA	Mexico City	1972550	126190788	.mx	MXN	Peso	52	^(\d{5})$	es-MX	GT,US,BZ	{'north': 32.7186553, 'south': 14.3886243, 'east': -86.493266, 'west': -118.59919}	32.7186553	14.3886243	-86.493266	-118.59919
MY	1733045	Malaysia	MY	MYS	458	MY	AS	Kuala Lumpur	329750	31528585	.my	MYR	Ringgit	60	^(\d{5})$	ms-MY,en,zh,ta,te,ml,pa,th	BN,TH,ID	{'north': 9.8923759, 'south': -5.1076241, 'east': 120.3471939, 'west': 105.3471939}	9.8923759	-5.1076241	120.3471939	105.3471939
MZ	1036973	Mozambique	MZ	MOZ	508	MZ	AF	Maputo	801590	29495962	.mz	MZN	Metical	258	^(\d{4})$	pt-MZ,vmw	ZW,TZ,SZ,ZA,ZM,MW	{'north': -10.3252149, 'south': -26.9209427, 'east': 41.0545908, 'west': 30.2138197}	-10.3252149	-26.9209427	41.0545908	30.2138197
NA	3355338	Namibia	NA	NAM	516	WA	AF	Windhoek	825418	2448255	.na	NAD	Dollar	264		en-NA,af,de,hz,naq	ZA,BW,ZM,AO	{'north': -16.9634855, 'south': -28.96945, 'east': 25.2617671, 'west': 11.5280384}	-16.9634855	-28.96945	25.2617671	11.5280384
NC	2139685	New Caledonia	NC	NCL	540	NC	OC	Noumea	19060	284060	.nc	XPF	Franc	687	^(\d{5})$	fr-NC		{'north': -17.6868616, 'south': -23.2217509, 'east': 167.8109827, 'west': 162.6034343}	-17.6868616	-23.2217509	167.8109827	162.6034343
NE	2440476	Niger	NE	NER	562	NG	AF	Niamey	1267000	22442948	.ne	XOF	Franc	227	^(\d{4})$	fr-NE,ha,kr,dje	TD,BJ,DZ,LY,BF,NG,ML	{'north': 23.517178, 'south': 11.693756, 'east': 15.996667, 'west': 0.16896529999999998}	23.517178	11.693756	15.996667	0.16896529999999998
NF	2155115	Norfolk Island	NF	NFK	574	NF	OC	Kingston	34	1828	.nf	AUD	Dollar	672	^(\d{4})$	en-NF						
NG	2328926	Nigeria	NG	NGA	566	NI	AF	Abuja	923768	195874740	.ng	NGN	Naira	234	^(\d{6})$	en-NG,ha,yo,ig,ff	TD,NE,BJ,CM	{'north': 13.885645, 'south': 4.0690959, 'east': 14.678014, 'west': 2.676932}	13.885645	4.0690959	14.678014	2.676932
NI	3617476	Nicaragua	NI	NIC	558	NU	NA	Managua	129494	6465513	.ni	NIO	Cordoba	505	^(\d{7})$	es-NI,en	CR,HN	{'north': 15.0331183, 'south': 10.7076565, 'east': -82.6227023, 'west': -87.901532}	15.0331183	10.7076565	-82.6227023	-87.901532
NL	2750405	Netherlands	NL	NLD	528	NL	EU	Amsterdam	41526	17231017	.nl	EUR	Euro	31	^(\d{4}\s?[a-zA-Z]{2})$	nl-NL,fy-NL	DE,BE	{'north': 53.7253321, 'south': 50.7295671, 'east': 7.2274985, 'west': 1.9193492}	53.7253321	50.7295671	7.2274985	1.9193492
NO	3144096	Norway	NO	NOR	578	NO	EU	Oslo	324220	5314336	.no	NOK	Krone	47	^(\d{4})$	no,nb,nn,se,fi	FI,RU,SE	{'north': 71.3848787, 'south': 57.7590052, 'east': 31.7614911, 'west': 4.0875274}	71.3848787	57.7590052	31.7614911	4.0875274
NP	1282988	Nepal	NP	NPL	524	NP	AS	Kathmandu	140800	28087871	.np	NPR	Rupee	977	^(\d{5})$	ne,en	CN,IN	{'north': 30.446945, 'south': 26.3477581, 'east': 88.2015257, 'west': 80.0586226}	30.446945	26.3477581	88.2015257	80.0586226
NR	2110425	Nauru	NR	NRU	520	NR	OC	Yaren	21	12704	.nr	AUD	Dollar	674		na,en-NR		{'north': -0.5025906, 'south': -0.5541334, 'east': 166.9589235, 'west': 166.9091794}	-0.5025906	-0.5541334	166.9589235	166.9091794
NU	4036232	Niue	NU	NIU	570	NE	OC	Alofi	260	2166	.nu	NZD	Dollar	683		niu,en-NU		{'north': -18.7534559, 'south': -19.3548665, 'east': -169.5647229, 'west': -170.1595029}	-18.7534559	-19.3548665	-169.5647229	-170.1595029
NZ	2186224	New Zealand	NZ	NZL	554	NZ	OC	Wellington	268680	4885500	.nz	NZD	Dollar	64	^(\d{4})$	en-NZ,mi		{'north': -29.0303303, 'south': -52.8213687, 'east': 179.3643594, 'west': -179.059153}	-29.0303303	-52.8213687	179.3643594	-179.059153
OM	286963	Oman	OM	OMN	512	MU	AS	Muscat	212460	4829483	.om	OMR	Rial	968	^(\d{3})$	ar-OM,en,bal,ur	SA,YE,AE	{'north': 26.7026737, 'south': 16.4649608, 'east': 60.054577, 'west': 52}	26.7026737	16.4649608	60.054577	52
PA	3703430	Panama	PA	PAN	591	PM	NA	Panama City	78200	4176873	.pa	PAB	Balboa	507		es-PA,en	CR,CO	{'north': 9.8701757, 'south': 7.0338679, 'east': -77.1393779, 'west': -83.0517245}	9.8701757	7.0338679	-77.1393779	-83.0517245
PE	3932488	Peru	PE	PER	604	PE	SA	Lima	1285220	31989256	.pe	PEN	Sol	51	^(\d{5})$	es-PE,qu,ay	EC,CL,BO,BR,CO	{'north': -0.0392818, 'south': -20.1984472, 'east': -68.6519906, 'west': -84.6356535}	-0.0392818	-20.1984472	-68.6519906	-84.6356535
PF	4030656	French Polynesia	PF	PYF	258	FP	OC	Papeete	4167	277679	.pf	XPF	Franc	689	^((97|98)7\d{2})$	fr-PF,ty		{'north': -7.6592173, 'south': -28.0990232, 'east': -134.244799, 'west': -154.9360599}	-7.6592173	-28.0990232	-134.244799	-154.9360599
PG	2088628	Papua New Guinea	PG	PNG	598	PP	OC	Port Moresby	462840	8606316	.pg	PGK	Kina	675	^(\d{3})$	en-PG,ho,meu,tpi	ID	{'north': 1.8183931, 'south': -13.1816069, 'east': 151.7489081, 'west': 136.7489081}	1.8183931	-13.1816069	151.7489081	136.7489081
PH	1694008	Philippines	PH	PHL	608	RP	AS	Manila	300000	106651922	.ph	PHP	Peso	63	^(\d{4})$	tl,en-PH,fil,ceb,ilo,hil,war,pam,bik,bcl,pag,mrw,tsg,mdh,cbk,krj,sgd,msb,akl,ibg,yka,mta,abx		{'north': 21.3217806, 'south': 4.2158064, 'east': 126.8072562, 'west': 114.0952145}	21.3217806	4.2158064	126.8072562	114.0952145
PK	1168579	Pakistan	PK	PAK	586	PK	AS	Islamabad	803940	212215030	.pk	PKR	Rupee	92	^(\d{5})$	ur-PK,en-PK,pa,sd,ps,brh	CN,AF,IR,IN	{'north': 37.084107, 'south': 23.5393916, 'east': 77.1203914, 'west': 60.872855}	37.084107	23.5393916	77.1203914	60.872855
PL	798544	Poland	PL	POL	616	PL	EU	Warsaw	312685	37978548	.pl	PLN	Zloty	48	^\d{2}-\d{3}$	pl	DE,LT,SK,CZ,BY,UA,RU	{'north': 55.0336963, 'south': 49.0020468, 'east': 24.145783, 'west': 14.1229707}	55.0336963	49.0020468	24.145783	14.1229707
PM	3424932	Saint Pierre and Miquelon	PM	SPM	666	SB	NA	Saint-Pierre	242	7012	.pm	EUR	Euro	508	^(97500)$	fr-PM		{'north': 47.365, 'south': 46.5507173, 'east': -55.9033333, 'west': -56.6972961}	47.365	46.5507173	-55.9033333	-56.6972961
PN	4030699	Pitcairn	PN	PCN	612	PC	OC	Adamstown	47	46	.pn	NZD	Dollar	870		en-PN		{'north': -23.8655769, 'south': -25.1306736, 'east': -124.717534, 'west': -130.8049862}	-23.8655769	-25.1306736	-124.717534	-130.8049862
PR	4566966	Puerto Rico	PR	PRI	630	RQ	NA	San Juan	9104	3195153	.pr	USD	Dollar	+1-787 and 1-939	^00[679]\d{2}(?:-\d{4})?$	en-PR,es-PR		{'north': 18.5159789, 'south': 17.9268695, 'east': -65.5897525, 'west': -67.271492}	18.5159789	17.9268695	-65.5897525	-67.271492
PS	6254930	Palestinian Territory	PS	PSE	275	WE	AS	East Jerusalem	5970	4569087	.ps	ILS	Shekel	970		ar-PS	JO,IL,EG	{'north': 32.5521479, 'south': 31.2201289, 'east': 35.5739235, 'west': 34.0689732}	32.5521479	31.2201289	35.5739235	34.0689732
PT	2264397	Portugal	PT	PRT	620	PO	EU	Lisbon	92391	10281762	.pt	EUR	Euro	351	^\d{4}-\d{3}\s?[a-zA-Z]{0,25}$	pt-PT,mwl	ES	{'north': 42.1543112, 'south': 29.8288021, 'east': -6.1891593, 'west': -31.5575303}	42.1543112	29.8288021	-6.1891593	-31.5575303
PW	1559582	Palau	PW	PLW	585	PS	OC	Melekeok	458	17907	.pw	USD	Dollar	680	^(96940)$	pau,sov,en-PW,tox,ja,fil,zh		{'north': 8.222, 'south': 2.748, 'east': 134.7714735, 'west': 131.0685462}	8.222	2.748	134.7714735	131.0685462
PY	3437598	Paraguay	PY	PRY	600	PA	SA	Asuncion	406750	6956071	.py	PYG	Guarani	595	^(\d{4})$	es-PY,gn	BO,BR,AR	{'north': -19.2876472, 'south': -27.6063935, 'east': -54.258, 'west': -62.6442036}	-19.2876472	-27.6063935	-54.258	-62.6442036
QA	289688	Qatar	QA	QAT	634	QA	AS	Doha	11437	2781677	.qa	QAR	Rial	974		ar-QA,es	SA	{'north': 26.3830212, 'south': 24.4707534, 'east': 52.638011, 'west': 50.5675}	26.3830212	24.4707534	52.638011	50.5675
RE	935317	Reunion	RE	REU	638	RE	AF	Saint-Denis	2517	776948	.re	EUR	Euro	262	^((97|98)(4|7|8)\d{2})$	fr-RE		{'north': -20.8717136, 'south': -21.3897308, 'east': 55.8366924, 'west': 55.2164268}	-20.8717136	-21.3897308	55.8366924	55.2164268
RO	798549	Romania	RO	ROU	642	RO	EU	Bucharest	237500	19473936	.ro	RON	Leu	40	^(\d{6})$	ro,hu,rom	MD,HU,UA,BG,RS	{'north': 48.2653964, 'south': 43.618682, 'east': 30.0454257, 'west': 20.2619773}	48.2653964	43.618682	30.0454257	20.2619773
RS	6290252	Serbia	RS	SRB	688	RI	EU	Belgrade	88361	6982084	.rs	RSD	Dinar	381	^(\d{6})$	sr,hu,bs,rom	AL,HU,MK,RO,HR,BA,BG,ME,XK	{'north': 46.1900524, 'south': 42.2322435, 'east': 23.006309, 'west': 18.8142875}	46.1900524	42.2322435	23.006309	18.8142875
RU	2017370	Russia	RU	RUS	643	RS	EU	Moscow	17100000	144478050	.ru	RUB	Ruble	7	^(\d{6})$	ru,tt,xal,cau,ady,kv,ce,tyv,cv,udm,tut,mns,bua,myv,mdf,chm,ba,inh,kbd,krc,av,sah,nog	GE,CN,BY,UA,KZ,LV,PL,EE,LT,FI,MN,NO,AZ,KP	{'north': 82.0586232, 'south': 41.1850968, 'east': 180, 'west': 19.6389}	82.0586232	41.1850968	180	19.6389
RW	49518	Rwanda	RW	RWA	646	RW	AF	Kigali	26338	12301939	.rw	RWF	Franc	250		rw,en-RW,fr-RW,sw	TZ,CD,BI,UG	{'north': -1.0474083, 'south': -2.8389804, 'east': 30.8990738, 'west': 28.8617546}	-1.0474083	-2.8389804	30.8990738	28.8617546
SA	102358	Saudi Arabia	SA	SAU	682	SA	AS	Riyadh	1960582	33699947	.sa	SAR	Rial	966	^(\d{5})$	ar-SA	QA,OM,IQ,YE,JO,AE,KW	{'north': 32.1543377, 'south': 16.29, 'east': 55.6666851, 'west': 34.4571718}	32.1543377	16.29	55.6666851	34.4571718
SB	2103350	Solomon Islands	SB	SLB	90	BP	OC	Honiara	28450	652858	.sb	SBD	Dollar	677		en-SB,tpi		{'north': -4.81085, 'south': -13.2424298, 'east': 170.3964667, 'west': 155.3190556}	-4.81085	-13.2424298	170.3964667	155.3190556
SC	241170	Seychelles	SC	SYC	690	SE	AF	Victoria	455	96762	.sc	SCR	Rupee	248		en-SC,fr-SC		{'north': -3.512, 'south': -10.4649258, 'east': 56.4979396, 'west': 45.9988759}	-3.512	-10.4649258	56.4979396	45.9988759
SD	366755	Sudan	SD	SDN	729	SU	AF	Khartoum	1861484	41801533	.sd	SDG	Pound	249	^(\d{5})$	ar-SD,en,fia	SS,TD,EG,ET,ER,LY,CF	{'north': 22.224918, 'south': 8.685278, 'east': 39.0576252, 'west': 21.8145046}	22.224918	8.685278	39.0576252	21.8145046
SS	7909807	South Sudan	SS	SSD	728	OD	AF	Juba	644329	8260490	.ss	SSP	Pound	211		en	CD,CF,ET,KE,SD,UG					
SE	2661886	Sweden	SE	SWE	752	SW	EU	Stockholm	449964	10183175	.se	SEK	Krona	46	^(?:SE)?\d{3}\s\d{2}$	sv-SE,se,sma,fi-SE	NO,FI	{'north': 69.0599699, 'south': 55.1331192, 'east': 24.1776819, 'west': 10.5930952}	69.0599699	55.1331192	24.1776819	10.5930952
SG	1880251	Singapore	SG	SGP	702	SN	AS	Singapore	692	5638676	.sg	SGD	Dollar	65	^(\d{6})$	cmn,en-SG,ms-SG,ta-SG,zh-SG		{'north': 1.4504753, 'south': 1.1304753, 'east': 104.0120359, 'west': 103.6920359}	1.4504753	1.1304753	104.0120359	103.6920359
SH	3370751	Saint Helena	SH	SHN	654	SH	AF	Jamestown	410	7460	.sh	SHP	Pound	290	^(STHL1ZZ)$	en-SH		{'north': -15.704, 'south': -16.23, 'east': -5.4234153, 'west': -5.9973424}	-15.704	-16.23	-5.4234153	-5.9973424
SI	3190538	Slovenia	SI	SVN	705	SI	EU	Ljubljana	20273	2067372	.si	EUR	Euro	386	^(?:SI)*(\d{4})$	sl,sh	HU,IT,HR,AT	{'north': 46.8766816, 'south': 45.4214242, 'east': 16.5967702, 'west': 13.3754696}	46.8766816	45.4214242	16.5967702	13.3754696
SJ	607072	Svalbard and Jan Mayen	SJ	SJM	744	SV	EU	Longyearbyen	62049	2550	.sj	NOK	Krone	47	^(\d{4})$	no,ru		{'north': 81.028076, 'south': 70.6260825, 'east': 34.6891253, 'west': -9.6848146}	81.028076	70.6260825	34.6891253	-9.6848146
SK	3057568	Slovakia	SK	SVK	703	LO	EU	Bratislava	48845	5447011	.sk	EUR	Euro	421	^\d{3}\s?\d{2}$	sk,hu	PL,HU,CZ,UA,AT	{'north': 49.6138162, 'south': 47.7314286, 'east': 22.56571, 'west': 16.8331891}	49.6138162	47.7314286	22.56571	16.8331891
SL	2403846	Sierra Leone	SL	SLE	694	SL	AF	Freetown	71740	7650154	.sl	SLL	Leone	232		en-SL,men,tem	LR,GN	{'north': 9.999973, 'south': 6.755, 'east': -10.271683, 'west': -13.5003389}	9.999973	6.755	-10.271683	-13.5003389
SM	3168068	San Marino	SM	SMR	674	SM	EU	San Marino	61	33785	.sm	EUR	Euro	378	^(4789\d)$	it-SM	IT	{'north': 43.992093, 'south': 43.8937002, 'east': 12.5160665, 'west': 12.4033246}	43.992093	43.8937002	12.5160665	12.4033246
SN	2245662	Senegal	SN	SEN	686	SG	AF	Dakar	196190	15854360	.sn	XOF	Franc	221	^(\d{5})$	fr-SN,wo,fuc,mnk	GN,MR,GW,GM,ML	{'north': 16.6919712, 'south': 12.2372838, 'east': -11.3458996, 'west': -17.7862419}	16.6919712	12.2372838	-11.3458996	-17.7862419
SO	51537	Somalia	SO	SOM	706	SO	AF	Mogadishu	637657	15008154	.so	SOS	Shilling	252	^([A-Z]{2}\d{5})$	so-SO,ar-SO,it,en-SO	ET,KE,DJ	{'north': 12.1889121, 'south': -1.8031969, 'east': 51.6177696, 'west': 40.98918}	12.1889121	-1.8031969	51.6177696	40.98918
SR	3382998	Suriname	SR	SUR	740	NS	SA	Paramaribo	163270	575991	.sr	SRD	Dollar	597		nl-SR,en,srn,hns,jv	GY,BR,GF	{'north': 6.225, 'south': 1.8312802, 'east': -53.8433358, 'west': -58.070833}	6.225	1.8312802	-53.8433358	-58.070833
ST	2410758	Sao Tome and Principe	ST	STP	678	TP	AF	Sao Tome	1001	197700	.st	STN	Dobra	239		pt-ST		{'north': 1.9257601, 'south': -0.2135137, 'east': 7.6704783, 'west': 6.260642}	1.9257601	-0.2135137	7.6704783	6.260642
SV	3585968	El Salvador	SV	SLV	222	ES	NA	San Salvador	21040	6420744	.sv	USD	Dollar	503	^(?:CP)*(\d{4})$	es-SV	GT,HN	{'north': 14.4510488, 'south': 12.976046, 'east': -87.6351394, 'west': -90.1790975}	14.4510488	12.976046	-87.6351394	-90.1790975
SX	7609695	Sint Maarten	SX	SXM	534	NN	NA	Philipsburg	21	40654	.sx	ANG	Guilder	599		nl,en	MF					
SY	163843	Syria	SY	SYR	760	SY	AS	Damascus	185180	16906283	.sy	SYP	Pound	963		ar-SY,ku,hy,arc,fr,en	IQ,JO,IL,TR,LB	{'north': 37.3184589, 'south': 32.311354, 'east': 42.3745687, 'west': 35.4714427}	37.3184589	32.311354	42.3745687	35.4714427
SZ	934841	Eswatini	SZ	SWZ	748	WZ	AF	Mbabane	17363	1136191	.sz	SZL	Lilangeni	268	^([A-Z]\d{3})$	en-SZ,ss-SZ	ZA,MZ	{'north': -25.71876, 'south': -27.3175201, 'east': 32.1349923, 'west': 30.7908}	-25.71876	-27.3175201	32.1349923	30.7908
TC	3576916	Turks and Caicos Islands	TC	TCA	796	TK	NA	Cockburn Town	430	37665	.tc	USD	Dollar	+1-649	^(TKCA 1ZZ)$	en-TC		{'north': 22.1630989, 'south': 20.9553418, 'east': -70.8643591, 'west': -72.6799046}	22.1630989	20.9553418	-70.8643591	-72.6799046
TD	2434508	Chad	TD	TCD	148	CD	AF	N'Djamena	1284000	15477751	.td	XAF	Franc	235		fr-TD,ar-TD,sre	NE,LY,CF,SD,CM,NG	{'north': 23.4975, 'south': 7.44107, 'east': 24.0, 'west': 13.47348}	23.4975	7.44107	24.0	13.47348
TF	1546748	French Southern Territories	TF	ATF	260	FS	AN	Port-aux-Francais	7829	140	.tf	EUR	Euro			fr						
TG	2363686	Togo	TG	TGO	768	TO	AF	Lome	56785	7889094	.tg	XOF	Franc	228		fr-TG,ee,hna,kbp,dag,ha	BJ,GH,BF	{'north': 11.1395102, 'south': 5.926547, 'east': 1.8087605, 'west': -0.14397459999999998}	11.1395102	5.926547	1.8087605	-0.14397459999999998
TH	1605651	Thailand	TH	THA	764	TH	AS	Bangkok	514000	69428524	.th	THB	Baht	66	^(\d{5})$	th,en	LA,MM,KH,MY	{'north': 20.4648337, 'south': 5.612851, 'east': 105.636812, 'west': 97.3438072}	20.4648337	5.612851	105.636812	97.3438072
TJ	1220409	Tajikistan	TJ	TJK	762	TI	AS	Dushanbe	143100	9100837	.tj	TJS	Somoni	992	^(\d{6})$	tg,ru	CN,AF,KG,UZ	{'north': 41.0450935, 'south': 36.6711153, 'east': 75.1539563, 'west': 67.3332775}	41.0450935	36.6711153	75.1539563	67.3332775
TK	4031074	Tokelau	TK	TKL	772	TL	OC		10	1466	.tk	NZD	Dollar	690		tkl,en-TK		{'north': -8.3328631, 'south': -9.6442499, 'east': -170.9797586, 'west': -172.7213673}	-8.3328631	-9.6442499	-170.9797586	-172.7213673
TL	1966436	Timor Leste	TL	TLS	626	TT	OC	Dili	15007	1267972	.tl	USD	Dollar	670		tet,pt-TL,id,en	ID	{'north': -8.0895459, 'south': -9.5642775, 'east': 127.5335392, 'west': 124.0415703}	-8.0895459	-9.5642775	127.5335392	124.0415703
TM	1218197	Turkmenistan	TM	TKM	795	TX	AS	Ashgabat	488100	5850908	.tm	TMT	Manat	993	^(\d{6})$	tk,ru,uz	AF,IR,UZ,KZ	{'north': 42.7975571, 'south': 35.129093, 'east': 66.6895177, 'west': 52.335076}	42.7975571	35.129093	66.6895177	52.335076
TN	2464461	Tunisia	TN	TUN	788	TS	AF	Tunis	163610	11565204	.tn	TND	Dinar	216	^(\d{4})$	ar-TN,fr	DZ,LY	{'north': 37.7612052, 'south': 30.230236, 'east': 11.8801133, 'west': 7.5219807}	37.7612052	30.230236	11.8801133	7.5219807
TO	4032283	Tonga	TO	TON	776	TN	OC	Nuku'alofa	748	103197	.to	TOP	Pa'anga	676		to,en-TO		{'north': -15.3655722, 'south': -24.1034499, 'east': -173.5295458, 'west': -179.3866055}	-15.3655722	-24.1034499	-173.5295458	-179.3866055
TR	298795	Turkey	TR	TUR	792	TU	AS	Ankara	780580	82319724	.tr	TRY	Lira	90	^(\d{5})$	tr-TR,ku,diq,az,av	SY,GE,IQ,IR,GR,AM,AZ,BG	{'north': 42.297, 'south': 35.8076804, 'east': 44.8176638, 'west': 25.6212891}	42.297	35.8076804	44.8176638	25.6212891
TT	3573591	Trinidad and Tobago	TT	TTO	780	TD	NA	Port of Spain	5128	1389858	.tt	TTD	Dollar	+1-868		en-TT,hns,fr,es,zh		{'north': 11.5628372, 'south': 9.8732106, 'east': -60.2895848, 'west': -62.083056}	11.5628372	9.8732106	-60.2895848	-62.083056
TV	2110297	Tuvalu	TV	TUV	798	TV	OC	Funafuti	26	11508	.tv	AUD	Dollar	688		tvl,en,sm,gil		{'north': -5.4369610999999995, 'south': -9.9939389, 'east': 178.7344938, 'west': 175.1590468}	-5.4369610999999995	-9.9939389	178.7344938	175.1590468
TW	1668284	Taiwan	TW	TWN	158	TW	AS	Taipei	35980	23451837	.tw	TWD	Dollar	886	^(\d{5})$	zh-TW,zh,nan,hak		{'north': 26.4372222, 'south': 10.374269, 'east': 122.297, 'west': 114.3599058}	26.4372222	10.374269	122.297	114.3599058
TZ	149590	Tanzania	TZ	TZA	834	TZ	AF	Dodoma	945087	56318348	.tz	TZS	Shilling	255		sw-TZ,en,ar	MZ,KE,CD,RW,ZM,BI,UG,MW	{'north': -0.9854812, 'south': -11.761254, 'east': 40.6584071, 'west': 29.3269773}	-0.9854812	-11.761254	40.6584071	29.3269773
UA	690791	Ukraine	UA	UKR	804	UP	EU	Kyiv	603700	44622516	.ua	UAH	Hryvnia	380	^(\d{5})$	uk,ru-UA,rom,pl,hu	PL,MD,HU,SK,BY,RO,RU	{'north': 52.3791473, 'south': 44.184598, 'east': 40.2275801, 'west': 22.137059}	52.3791473	44.184598	40.2275801	22.137059
UG	226074	Uganda	UG	UGA	800	UG	AF	Kampala	236040	42723139	.ug	UGX	Shilling	256		en-UG,lg,sw,ar	TZ,KE,SS,CD,RW	{'north': 4.2340766, 'south': -1.4823179, 'east': 35.000308, 'west': 29.573433}	4.2340766	-1.4823179	35.000308	29.573433
UM	5854968	United States Minor Outlying Islands	UM	UMI	581		OC		0	0	.um	USD	Dollar	1		en-UM						
US	6252001	United States	US	USA	840	US	NA	Washington	9629091	327167434	.us	USD	Dollar	1	^\d{5}(-\d{4})?$	en-US,es-US,haw,fr	CA,MX,CU	{'north': 49.5904, 'south': 24.9493, 'east': -66.9326, 'west': -125.0011}	49.5904	24.9493	-66.9326	-125.0011
UY	3439705	Uruguay	UY	URY	858	UY	SA	Montevideo	176220	3449299	.uy	UYU	Peso	598	^(\d{5})$	es-UY	BR,AR	{'north': -30.0853962, 'south': -35.7824481, 'east': -53.0755833, 'west': -58.4948438}	-30.0853962	-35.7824481	-53.0755833	-58.4948438
UZ	1512440	Uzbekistan	UZ	UZB	860	UZ	AS	Tashkent	447400	32955400	.uz	UZS	Som	998	^(\d{6})$	uz,ru,tg	TM,AF,KG,TJ,KZ	{'north': 45.590118, 'south': 37.1821164, 'east': 73.1397362, 'west': 55.9977865}	45.590118	37.1821164	73.1397362	55.9977865
VA	3164670	Vatican	VA	VAT	336	VT	EU	Vatican City	0	921	.va	EUR	Euro	379	^(\d{5})$	la,it,fr	IT	{'north': 41.9073912, 'south': 41.9002044, 'east': 12.4583653, 'west': 12.4457442}	41.9073912	41.9002044	12.4583653	12.4457442
VC	3577815	Saint Vincent and the Grenadines	VC	VCT	670	VC	NA	Kingstown	389	110211	.vc	XCD	Dollar	+1-784		en-VC,fr		{'north': 13.583, 'south': 12.5166548, 'east': -60.9094146, 'west': -61.6657471}	13.583	12.5166548	-60.9094146	-61.6657471
VE	3625428	Venezuela	VE	VEN	862	VE	SA	Caracas	912050	28870195	.ve	VES	Bolivar Soberano	58	^(\d{4})$	es-VE	GY,BR,CO	{'north': 15.9158431, 'south': 0.647529, 'east': -59.5427079, 'west': -73.3529632}	15.9158431	0.647529	-59.5427079	-73.3529632
VG	3577718	British Virgin Islands	VG	VGB	92	VI	NA	Road Town	153	29802	.vg	USD	Dollar	+1-284		en-VG		{'north': 18.464984, 'south': 17.623468, 'east': -64.512674, 'west': -65.159094}	18.464984	17.623468	-64.512674	-65.159094
VI	4796775	U.S. Virgin Islands	VI	VIR	850	VQ	NA	Charlotte Amalie	352	106977	.vi	USD	Dollar	+1-340	^008\d{2}(?:-\d{4})?$	en-VI		{'north': 18.464984, 'south': 17.623468, 'east': -64.512674, 'west': -65.159094}	18.464984	17.623468	-64.512674	-65.159094
VN	1562822	Vietnam	VN	VNM	704	VM	AS	Hanoi	329560	95540395	.vn	VND	Dong	84	^(\d{6})$	vi,en,fr,zh,km	CN,LA,KH	{'north': 23.393395, 'south': 8.1790665, 'east': 114.3337595, 'west': 102.14441}	23.393395	8.1790665	114.3337595	102.14441
VU	2134431	Vanuatu	VU	VUT	548	NH	OC	Port Vila	12200	292680	.vu	VUV	Vatu	678		bi,en-VU,fr-VU		{'north': -12.8713777, 'south': -20.4627425, 'east': 170.449982, 'west': 166.3355255}	-12.8713777	-20.4627425	170.449982	166.3355255
WF	4034749	Wallis and Futuna	WF	WLF	876	WF	OC	Mata Utu	274	16025	.wf	XPF	Franc	681	^(986\d{2})$	wls,fud,fr-WF		{'north': -12.9827961, 'south': -14.5630748, 'east': -175.9190391, 'west': -178.3873749}	-12.9827961	-14.5630748	-175.9190391	-178.3873749
WS	4034894	Samoa	WS	WSM	882	WS	OC	Apia	2944	196130	.ws	WST	Tala	685		sm,en-WS		{'north': -13.2381892, 'south': -14.2770916, 'east': -171.1929229, 'west': -173.0091864}	-13.2381892	-14.2770916	-171.1929229	-173.0091864
YE	69543	Yemen	YE	YEM	887	YM	AS	Sanaa	527970	28498687	.ye	YER	Rial	967		ar-YE	SA,OM	{'north': 19.0, 'south': 11.9084802, 'east': 54.7389375, 'west': 41.60825}	19.0	11.9084802	54.7389375	41.60825
YT	1024031	Mayotte	YT	MYT	175	MF	AF	Mamoudzou	374	279471	.yt	EUR	Euro	262	^(\d{5})$	fr-YT		{'north': -12.6365902, 'south': -13.0210119, 'east': 45.2999917, 'west': 45.0183298}	-12.6365902	-13.0210119	45.2999917	45.0183298
ZA	953987	South Africa	ZA	ZAF	710	SF	AF	Pretoria	1219912	57779622	.za	ZAR	Rand	27	^(\d{4})$	zu,xh,af,nso,en-ZA,tn,st,ts,ss,ve,nr	ZW,SZ,MZ,BW,NA,LS	{'north': -22.1250301, 'south': -47.1788335, 'east': 38.2898954, 'west': 16.3335213}	-22.1250301	-47.1788335	38.2898954	16.3335213
ZM	895949	Zambia	ZM	ZMB	894	ZA	AF	Lusaka	752614	17351822	.zm	ZMW	Kwacha	260	^(\d{5})$	en-ZM,bem,loz,lun,lue,ny,toi	ZW,TZ,MZ,CD,NA,MW,AO	{'north': -8.2712822, 'south': -18.0765945, 'east': 33.701111, 'west': 21.9993509}	-8.2712822	-18.0765945	33.701111	21.9993509
ZW	878675	Zimbabwe	ZW	ZWE	716	ZI	AF	Harare	390580	14439018	.zw	ZWL	Dollar	263		en-ZW,sn,nr,nd	ZA,MZ,BW,ZM	{'north': -15.6097033, 'south': -22.4241096, 'east': 33.0683413, 'west': 25.2373}	-15.6097033	-22.4241096	33.0683413	25.2373
CS	8505033	Serbia and Montenegro	CS	SCG	891	YI	EU	Belgrade	102350	10829175	.cs	RSD	Dinar	381	^(\d{5})$	cu,hu,sq,sr	AL,HU,MK,RO,HR,BA,BG					
AN	8505032	Netherlands Antilles	AN	ANT	530	NT	NA	Willemstad	960	300000	.an	ANG	Guilder	599		nl-AN,en,es	GP					
